{
  "Update a product -PUT" : {
    "transaction" : "Update a product -PUT",
    "sampleCount" : 3000,
    "errorCount" : 0,
    "errorPct" : 0.0,
    "meanResTime" : 345.4640000000004,
    "medianResTime" : 324.0,
    "minResTime" : 308.0,
    "maxResTime" : 6514.0,
    "pct1ResTime" : 343.0,
    "pct2ResTime" : 356.0,
    "pct3ResTime" : 845.0,
    "throughput" : 2.663475231455998,
    "receivedKBytesPerSec" : 2.1024044633630106,
    "sentKBytesPerSec" : 0.9285748609665929
  },
  "Add a new cart - POST" : {
    "transaction" : "Add a new cart - POST",
    "sampleCount" : 3000,
    "errorCount" : 1,
    "errorPct" : 0.033333335,
    "meanResTime" : 382.9246666666672,
    "medianResTime" : 326.0,
    "minResTime" : 310.0,
    "maxResTime" : 17794.0,
    "pct1ResTime" : 353.0,
    "pct2ResTime" : 380.9499999999998,
    "pct3ResTime" : 1429.949999999999,
    "throughput" : 2.6949674178439182,
    "receivedKBytesPerSec" : 2.0718149794261698,
    "sentKBytesPerSec" : 1.1132531423320093
  },
  "Get all carts - GET" : {
    "transaction" : "Get all carts - GET",
    "sampleCount" : 3000,
    "errorCount" : 0,
    "errorPct" : 0.0,
    "meanResTime" : 4610.533000000005,
    "medianResTime" : 4686.0,
    "minResTime" : 482.0,
    "maxResTime" : 10401.0,
    "pct1ResTime" : 5237.9,
    "pct2ResTime" : 5564.0,
    "pct3ResTime" : 6635.019999999979,
    "throughput" : 2.663385375883578,
    "receivedKBytesPerSec" : 4.19625382639699,
    "sentKBytesPerSec" : 0.32251932286090207
  },
  "Get all products - GET" : {
    "transaction" : "Get all products - GET",
    "sampleCount" : 3000,
    "errorCount" : 0,
    "errorPct" : 0.0,
    "meanResTime" : 1082.1466666666659,
    "medianResTime" : 612.0,
    "minResTime" : 313.0,
    "maxResTime" : 17044.0,
    "pct1ResTime" : 2244.700000000003,
    "pct2ResTime" : 5529.449999999998,
    "pct3ResTime" : 9079.98,
    "throughput" : 2.6582500562662927,
    "receivedKBytesPerSec" : 29.334744679512514,
    "sentKBytesPerSec" : 0.3296853097127141
  },
  "Get all categories - GET" : {
    "transaction" : "Get all categories - GET",
    "sampleCount" : 3000,
    "errorCount" : 0,
    "errorPct" : 0.0,
    "meanResTime" : 348.729333333334,
    "medianResTime" : 325.0,
    "minResTime" : 308.0,
    "maxResTime" : 6879.0,
    "pct1ResTime" : 344.0,
    "pct2ResTime" : 360.0,
    "pct3ResTime" : 847.0,
    "throughput" : 2.662922006564991,
    "receivedKBytesPerSec" : 1.917047261095952,
    "sentKBytesPerSec" : 0.358870348540985
  },
  "User login - POST" : {
    "transaction" : "User login - POST",
    "sampleCount" : 3000,
    "errorCount" : 0,
    "errorPct" : 0.0,
    "meanResTime" : 4933.013999999998,
    "medianResTime" : 5063.5,
    "minResTime" : 478.0,
    "maxResTime" : 10332.0,
    "pct1ResTime" : 5927.0,
    "pct2ResTime" : 6080.95,
    "pct3ResTime" : 6450.939999999999,
    "throughput" : 2.7722845472859334,
    "receivedKBytesPerSec" : 2.2424352729314134,
    "sentKBytesPerSec" : 0.6876565185650655
  },
  "Delete a user - DELETE" : {
    "transaction" : "Delete a user - DELETE",
    "sampleCount" : 3000,
    "errorCount" : 0,
    "errorPct" : 0.0,
    "meanResTime" : 5180.621333333339,
    "medianResTime" : 5331.5,
    "minResTime" : 480.0,
    "maxResTime" : 6956.0,
    "pct1ResTime" : 5965.0,
    "pct2ResTime" : 6100.95,
    "pct3ResTime" : 6385.939999999999,
    "throughput" : 2.7597804318688404,
    "receivedKBytesPerSec" : 2.633843888880201,
    "sentKBytesPerSec" : 0.571360792535346
  },
  "Get all users - GET" : {
    "transaction" : "Get all users - GET",
    "sampleCount" : 3000,
    "errorCount" : 0,
    "errorPct" : 0.0,
    "meanResTime" : 5163.992333333333,
    "medianResTime" : 5078.0,
    "minResTime" : 481.0,
    "maxResTime" : 22483.0,
    "pct1ResTime" : 5683.8,
    "pct2ResTime" : 5836.0,
    "pct3ResTime" : 7820.88999999991,
    "throughput" : 2.7053129641302553,
    "receivedKBytesPerSec" : 9.691294060530476,
    "sentKBytesPerSec" : 0.3275964917501481
  },
  "Update a users - PATCH" : {
    "transaction" : "Update a users - PATCH",
    "sampleCount" : 3000,
    "errorCount" : 0,
    "errorPct" : 0.0,
    "meanResTime" : 336.2479999999995,
    "medianResTime" : 324.0,
    "minResTime" : 307.0,
    "maxResTime" : 1239.0,
    "pct1ResTime" : 341.0,
    "pct2ResTime" : 352.0,
    "pct3ResTime" : 843.9899999999998,
    "throughput" : 2.760209555109424,
    "receivedKBytesPerSec" : 2.5672967841718544,
    "sentKBytesPerSec" : 1.730522006230713
  },
  "Delete a product -DELETE" : {
    "transaction" : "Delete a product -DELETE",
    "sampleCount" : 3000,
    "errorCount" : 0,
    "errorPct" : 0.0,
    "meanResTime" : 4626.267999999997,
    "medianResTime" : 4611.5,
    "minResTime" : 473.0,
    "maxResTime" : 10258.0,
    "pct1ResTime" : 5568.700000000001,
    "pct2ResTime" : 5965.95,
    "pct3ResTime" : 8439.52999999999,
    "throughput" : 2.663115845539281,
    "receivedKBytesPerSec" : 2.8038483411007546,
    "sentKBytesPerSec" : 0.5591502996005326
  },
  "Limit results -GET" : {
    "transaction" : "Limit results -GET",
    "sampleCount" : 3000,
    "errorCount" : 0,
    "errorPct" : 0.0,
    "meanResTime" : 4836.817666666658,
    "medianResTime" : 4855.0,
    "minResTime" : 478.0,
    "maxResTime" : 20604.0,
    "pct1ResTime" : 5192.9,
    "pct2ResTime" : 5500.799999999999,
    "pct3ResTime" : 8670.13999999996,
    "throughput" : 2.6639151383193536,
    "receivedKBytesPerSec" : 3.5724610863046347,
    "sentKBytesPerSec" : 0.34339531079897917
  },
  "Get a single product - GET" : {
    "transaction" : "Get a single product - GET",
    "sampleCount" : 3000,
    "errorCount" : 0,
    "errorPct" : 0.0,
    "meanResTime" : 364.3823333333329,
    "medianResTime" : 325.0,
    "minResTime" : 308.0,
    "maxResTime" : 11766.0,
    "pct1ResTime" : 347.9000000000001,
    "pct2ResTime" : 436.89999999999964,
    "pct3ResTime" : 888.9899999999998,
    "throughput" : 2.6626478435215115,
    "receivedKBytesPerSec" : 2.8036242991688987,
    "sentKBytesPerSec" : 0.3354312224748779
  },
  "Add a new user - POST" : {
    "transaction" : "Add a new user - POST",
    "sampleCount" : 3000,
    "errorCount" : 0,
    "errorPct" : 0.0,
    "meanResTime" : 5408.664333333333,
    "medianResTime" : 5541.5,
    "minResTime" : 478.0,
    "maxResTime" : 7366.0,
    "pct1ResTime" : 6094.9,
    "pct2ResTime" : 6212.849999999999,
    "pct3ResTime" : 6497.959999999999,
    "throughput" : 2.748720241667484,
    "receivedKBytesPerSec" : 1.8309572698840133,
    "sentKBytesPerSec" : 1.715265853931174
  },
  "Get a single user -GET" : {
    "transaction" : "Get a single user -GET",
    "sampleCount" : 3000,
    "errorCount" : 0,
    "errorPct" : 0.0,
    "meanResTime" : 5190.865666666659,
    "medianResTime" : 5172.5,
    "minResTime" : 477.0,
    "maxResTime" : 22151.0,
    "pct1ResTime" : 5741.9,
    "pct2ResTime" : 5872.95,
    "pct3ResTime" : 6160.859999999997,
    "throughput" : 2.716008698470525,
    "receivedKBytesPerSec" : 2.560248428788968,
    "sentKBytesPerSec" : 0.3341963828196154
  },
  "Update a users - PUT" : {
    "transaction" : "Update a users - PUT",
    "sampleCount" : 3000,
    "errorCount" : 0,
    "errorPct" : 0.0,
    "meanResTime" : 338.7863333333335,
    "medianResTime" : 325.0,
    "minResTime" : 309.0,
    "maxResTime" : 1705.0,
    "pct1ResTime" : 347.0,
    "pct2ResTime" : 361.0,
    "pct3ResTime" : 844.0,
    "throughput" : 2.7601993968044254,
    "receivedKBytesPerSec" : 2.5669171528451216,
    "sentKBytesPerSec" : 1.725124623002766
  },
  "Get user carts - GET" : {
    "transaction" : "Get user carts - GET",
    "sampleCount" : 3000,
    "errorCount" : 0,
    "errorPct" : 0.0,
    "meanResTime" : 5066.958999999996,
    "medianResTime" : 4888.5,
    "minResTime" : 478.0,
    "maxResTime" : 22082.0,
    "pct1ResTime" : 5187.0,
    "pct2ResTime" : 5599.749999999999,
    "pct3ResTime" : 19102.129999999983,
    "throughput" : 2.6839513131231802,
    "receivedKBytesPerSec" : 2.123709676427303,