{
  "Update a product -PUT" : {
    "transaction" : "Update a product -PUT",
    "sampleCount" : 2000,
    "errorCount" : 0,
    "errorPct" : 0.0,
    "meanResTime" : 360.88500000000016,
    "medianResTime" : 328.0,
    "minResTime" : 308.0,
    "maxResTime" : 4011.0,
    "pct1ResTime" : 401.0,
    "pct2ResTime" : 481.9499999999998,
    "pct3ResTime" : 997.4900000000005,
    "throughput" : 3.744049301641204,
    "receivedKBytesPerSec" : 2.9550128491091967,
    "sentKBytesPerSec" : 1.3052984381698338
  },
  "Add a new cart - POST" : {
    "transaction" : "Add a new cart - POST",
    "sampleCount" : 2000,
    "errorCount" : 0,
    "errorPct" : 0.0,
    "meanResTime" : 942.0754999999999,
    "medianResTime" : 335.0,
    "minResTime" : 310.0,
    "maxResTime" : 67137.0,
    "pct1ResTime" : 601.8000000000002,
    "pct2ResTime" : 1182.0,
    "pct3ResTime" : 4528.75,
    "throughput" : 3.2788121519335975,
    "receivedKBytesPerSec" : 2.5208878265082126,
    "sentKBytesPerSec" : 1.3544311916678826
  },
  "Get all carts - GET" : {
    "transaction" : "Get all carts - GET",
    "sampleCount" : 2000,
    "errorCount" : 0,
    "errorPct" : 0.0,
    "meanResTime" : 3006.1745000000024,
    "medianResTime" : 3044.5,
    "minResTime" : 617.0,
    "maxResTime" : 5775.0,
    "pct1ResTime" : 3332.9,
    "pct2ResTime" : 3451.95,
    "pct3ResTime" : 4268.96,
    "throughput" : 3.7050141809417774,
    "receivedKBytesPerSec" : 5.836833751613997,
    "sentKBytesPerSec" : 0.4486540609734184
  },
  "Get all products - GET" : {
    "transaction" : "Get all products - GET",
    "sampleCount" : 2000,
    "errorCount" : 0,
    "errorPct" : 0.0,
    "meanResTime" : 925.5934999999956,
    "medianResTime" : 416.0,
    "minResTime" : 312.0,
    "maxResTime" : 9594.0,
    "pct1ResTime" : 2224.7000000000003,
    "pct2ResTime" : 4023.9499999999925,
    "pct3ResTime" : 8804.910000000025,
    "throughput" : 3.7491798669041145,
    "receivedKBytesPerSec" : 41.37399753374262,
    "sentKBytesPerSec" : 0.46498617489924077
  },
  "Get all categories - GET" : {
    "transaction" : "Get all categories - GET",
    "sampleCount" : 2000,
    "errorCount" : 0,
    "errorPct" : 0.0,
    "meanResTime" : 383.3190000000004,
    "medianResTime" : 331.0,
    "minResTime" : 307.0,
    "maxResTime" : 3988.0,
    "pct1ResTime" : 465.0,
    "pct2ResTime" : 566.8499999999995,
    "pct3ResTime" : 1107.98,
    "throughput" : 3.7620786236811563,
    "receivedKBytesPerSec" : 2.7084798486609825,
    "sentKBytesPerSec" : 0.5069988770195308
  },
  "User login - POST" : {
    "transaction" : "User login - POST",
    "sampleCount" : 2000,
    "errorCount" : 0,
    "errorPct" : 0.0,
    "meanResTime" : 3250.061500000006,
    "medianResTime" : 3223.5,
    "minResTime" : 486.0,
    "maxResTime" : 67121.0,
    "pct1ResTime" : 3796.8,
    "pct2ResTime" : 4293.399999999998,
    "pct3ResTime" : 4975.99,
    "throughput" : 3.3292383701380635,
    "receivedKBytesPerSec" : 2.6928466527837425,
    "sentKBytesPerSec" : 0.8258071738428399
  },
  "Delete a user - DELETE" : {
    "transaction" : "Delete a user - DELETE",
    "sampleCount" : 2000,
    "errorCount" : 0,
    "errorPct" : 0.0,
    "meanResTime" : 3354.508000000004,
    "medianResTime" : 3367.5,
    "minResTime" : 596.0,
    "maxResTime" : 5756.0,
    "pct1ResTime" : 3958.9,
    "pct2ResTime" : 4141.9,
    "pct3ResTime" : 4617.87,
    "throughput" : 3.313644760713428,
    "receivedKBytesPerSec" : 3.1628383283076387,
    "sentKBytesPerSec" : 0.6860280168664518
  },
  "Get all users - GET" : {
    "transaction" : "Get all users - GET",
    "sampleCount" : 2000,
    "errorCount" : 0,
    "errorPct" : 0.0,
    "meanResTime" : 3974.254499999997,
    "medianResTime" : 3295.0,
    "minResTime" : 983.0,
    "maxResTime" : 70027.0,
    "pct1ResTime" : 4066.0,
    "pct2ResTime" : 4270.95,
    "pct3ResTime" : 6356.42,
    "throughput" : 3.2630685897017555,
    "receivedKBytesPerSec" : 11.689038230927364,
    "sentKBytesPerSec" : 0.395137212034197
  },
  "Update a users - PATCH" : {
    "transaction" : "Update a users - PATCH",
    "sampleCount" : 2000,
    "errorCount" : 0,
    "errorPct" : 0.0,
    "meanResTime" : 369.94800000000015,
    "medianResTime" : 331.0,
    "minResTime" : 307.0,
    "maxResTime" : 2264.0,
    "pct1ResTime" : 454.0,
    "pct2ResTime" : 565.0,
    "pct3ResTime" : 873.94,
    "throughput" : 3.315122261709012,
    "receivedKBytesPerSec" : 3.083105789902469,
    "sentKBytesPerSec" : 2.0784262617355327
  },
  "Delete a product -DELETE" : {
    "transaction" : "Delete a product -DELETE",
    "sampleCount" : 2000,
    "errorCount" : 0,
    "errorPct" : 0.0,
    "meanResTime" : 2922.8100000000027,
    "medianResTime" : 3008.0,
    "minResTime" : 481.0,
    "maxResTime" : 4906.0,
    "pct1ResTime" : 3294.9,
    "pct2ResTime" : 3418.0,
    "pct3ResTime" : 4207.9,
    "throughput" : 3.7231121494457216,
    "receivedKBytesPerSec" : 3.9202843875945907,
    "sentKBytesPerSec" : 0.7817081173152639
  },
  "Limit results -GET" : {
    "transaction" : "Limit results -GET",
    "sampleCount" : 2000,
    "errorCount" : 0,
    "errorPct" : 0.0,
    "meanResTime" : 3060.2510000000007,
    "medianResTime" : 3061.0,
    "minResTime" : 1422.0,
    "maxResTime" : 5983.0,
    "pct1ResTime" : 3334.0,
    "pct2ResTime" : 3421.8999999999996,
    "pct3ResTime" : 4961.51,
    "throughput" : 3.6714021635572953,
    "receivedKBytesPerSec" : 4.923726763466244,
    "sentKBytesPerSec" : 0.4732666851460576
  },
  "Get a single product - GET" : {
    "transaction" : "Get a single product - GET",
    "sampleCount" : 2000,
    "errorCount" : 0,
    "errorPct" : 0.0,
    "meanResTime" : 388.6564999999997,
    "medianResTime" : 332.0,
    "minResTime" : 308.0,
    "maxResTime" : 4240.0,
    "pct1ResTime" : 512.0,
    "pct2ResTime" : 622.6999999999989,
    "pct3ResTime" : 1031.96,
    "throughput" : 3.760911344036887,
    "receivedKBytesPerSec" : 3.9599788789569494,
    "sentKBytesPerSec" : 0.47378668298902193
  },
  "Add a new user - POST" : {
    "transaction" : "Add a new user - POST",
    "sampleCount" : 2000,
    "errorCount" : 0,
    "errorPct" : 0.0,
    "meanResTime" : 3660.003000000002,
    "medianResTime" : 3474.5,
    "minResTime" : 748.0,
    "maxResTime" : 68393.0,
    "pct1ResTime" : 4086.9,
    "pct2ResTime" : 4269.9,
    "pct3ResTime" : 4917.98,
    "throughput" : 3.2998018468990935,
    "receivedKBytesPerSec" : 2.1984043627711407,
    "sentKBytesPerSec" : 2.0591536915708213
  },
  "Get a single user -GET" : {
    "transaction" : "Get a single user -GET",
    "sampleCount" : 2000,
    "errorCount" : 0,
    "errorPct" : 0.0,
    "meanResTime" : 4308.458500000002,
    "medianResTime" : 3387.5,
    "minResTime" : 716.0,
    "maxResTime" : 70129.0,
    "pct1ResTime" : 4004.8,
    "pct2ResTime" : 4265.799999999999,
    "pct3ResTime" : 63734.7,
    "throughput" : 3.269886633030433,
    "receivedKBytesPerSec" : 3.0826025988241486,
    "sentKBytesPerSec" : 0.4023493317986665
  },
  "Update a users - PUT" : {
    "transaction" : "Update a users - PUT",
    "sampleCount" : 2000,
    "errorCount" : 0,
    "errorPct" : 0.0,
    "meanResTime" : 405.3015000000005,
    "medianResTime" : 331.0,
    "minResTime" : 309.0,
    "maxResTime" : 66914.0,
    "pct1ResTime" : 470.60000000000036,
    "pct2ResTime" : 597.7499999999991,
    "pct3ResTime" : 872.94,
    "throughput" : 3.315067312441779,
    "receivedKBytesPerSec" : 3.082650015083556,
    "sentKBytesPerSec" : 2.0719170702761116
  },
  "Get user carts - GET" : {
    "transaction" : "Get user carts - GET",
    "sampleCount" : 2000,
    "errorCount" : 0,
    "errorPct" : 0.0,
    "meanResTime" : 4280.478500000001,
    "medianResTime" : 3248.0,
    "minResTime" : 1114.0,
    "maxResTime" : 70002.0,
    "pct1ResTime" : 3489.9,
    "pct2ResTime" : 3755.95,
    "pct3ResTime" : 63777.96,
    "throughput" : 3.264117717141351,
    "receivedKBytesPerSec" : 2.5828733987462527,
    "sentKBytesPerSec" : 0.41757755951710646
  },