{
  "Update a product -PUT" : {
    "transaction" : "Update a product -PUT",
    "sampleCount" : 1000,
    "errorCount" : 0,
    "errorPct" : 0.0,
    "meanResTime" : 331.22599999999943,
    "medianResTime" : 323.0,
    "minResTime" : 309.0,
    "maxResTime" : 1191.0,
    "pct1ResTime" : 340.0,
    "pct2ResTime" : 351.94999999999993,
    "pct3ResTime" : 553.97,
    "throughput" : 3.7261155990103436,
    "receivedKBytesPerSec" : 2.9404655804729187,
    "sentKBytesPerSec" : 1.2990461609830986
  },
  "Add a new cart - POST" : {
    "transaction" : "Add a new cart - POST",
    "sampleCount" : 1000,
    "errorCount" : 0,
    "errorPct" : 0.0,
    "meanResTime" : 334.1120000000001,
    "medianResTime" : 325.0,
    "minResTime" : 308.0,
    "maxResTime" : 1173.0,
    "pct1ResTime" : 341.0,
    "pct2ResTime" : 351.94999999999993,
    "pct3ResTime" : 586.8600000000001,
    "throughput" : 3.711401425178147,
    "receivedKBytesPerSec" : 2.8532413292384207,
    "sentKBytesPerSec" : 1.533127737158551
  },
  "Get all carts - GET" : {
    "transaction" : "Get all carts - GET",
    "sampleCount" : 1000,
    "errorCount" : 0,
    "errorPct" : 0.0,
    "meanResTime" : 1395.676000000001,
    "medianResTime" : 1451.5,
    "minResTime" : 488.0,
    "maxResTime" : 2259.0,
    "pct1ResTime" : 1687.9,
    "pct2ResTime" : 1744.9499999999998,
    "pct3ResTime" : 1876.94,
    "throughput" : 3.6975684789682304,
    "receivedKBytesPerSec" : 5.825230266077028,
    "sentKBytesPerSec" : 0.4477524330000592
  },
  "Get all products - GET" : {
    "transaction" : "Get all products - GET",
    "sampleCount" : 1000,
    "errorCount" : 0,
    "errorPct" : 0.0,
    "meanResTime" : 553.5649999999994,
    "medianResTime" : 334.0,
    "minResTime" : 313.0,
    "maxResTime" : 3906.0,
    "pct1ResTime" : 1088.8,
    "pct2ResTime" : 1801.8999999999999,
    "pct3ResTime" : 2318.9700000000003,
    "throughput" : 3.726990492447254,
    "receivedKBytesPerSec" : 41.12881777765148,
    "sentKBytesPerSec" : 0.4622341724031262
  },
  "Get all categories - GET" : {
    "transaction" : "Get all categories - GET",
    "sampleCount" : 1000,
    "errorCount" : 0,
    "errorPct" : 0.0,
    "meanResTime" : 332.21200000000005,
    "medianResTime" : 324.0,
    "minResTime" : 308.0,
    "maxResTime" : 1363.0,
    "pct1ResTime" : 339.9,
    "pct2ResTime" : 352.94999999999993,
    "pct3ResTime" : 556.99,
    "throughput" : 3.7424169277002477,
    "receivedKBytesPerSec" : 2.694306286886197,
    "sentKBytesPerSec" : 0.5043491562721036
  },
  "User login - POST" : {
    "transaction" : "User login - POST",
    "sampleCount" : 1000,
    "errorCount" : 0,
    "errorPct" : 0.0,
    "meanResTime" : 1413.8559999999986,
    "medianResTime" : 1442.0,
    "minResTime" : 477.0,
    "maxResTime" : 2517.0,
    "pct1ResTime" : 1811.8,
    "pct2ResTime" : 1957.9499999999998,
    "pct3ResTime" : 2118.78,
    "throughput" : 3.7744252493951485,
    "receivedKBytesPerSec" : 3.0521462207623586,
    "sentKBytesPerSec" : 0.9362343880335623
  },
  "Delete a user - DELETE" : {
    "transaction" : "Delete a user - DELETE",
    "sampleCount" : 1000,
    "errorCount" : 0,
    "errorPct" : 0.0,
    "meanResTime" : 1548.115000000001,
    "medianResTime" : 1583.0,
    "minResTime" : 480.0,
    "maxResTime" : 2381.0,
    "pct1ResTime" : 1888.8999999999996,
    "pct2ResTime" : 2035.7999999999997,
    "pct3ResTime" : 2123.94,
    "throughput" : 3.752190341111624,
    "receivedKBytesPerSec" : 3.5807548164053262,
    "sentKBytesPerSec" : 0.7768206565582658
  },
  "Get all users - GET" : {
    "transaction" : "Get all users - GET",
    "sampleCount" : 1000,
    "errorCount" : 0,
    "errorPct" : 0.0,
    "meanResTime" : 1552.1410000000014,
    "medianResTime" : 1554.5,
    "minResTime" : 984.0,
    "maxResTime" : 3416.0,
    "pct1ResTime" : 1768.0,
    "pct2ResTime" : 1843.0,
    "pct3ResTime" : 2349.51,
    "throughput" : 3.6994424940161514,
    "receivedKBytesPerSec" : 13.252270070400392,
    "sentKBytesPerSec" : 0.44797936450976844
  },
  "Update a users - PATCH" : {
    "transaction" : "Update a users - PATCH",
    "sampleCount" : 1000,
    "errorCount" : 0,
    "errorPct" : 0.0,
    "meanResTime" : 336.57200000000034,
    "medianResTime" : 324.0,
    "minResTime" : 307.0,
    "maxResTime" : 2030.0,
    "pct1ResTime" : 338.0,
    "pct2ResTime" : 348.94999999999993,
    "pct3ResTime" : 838.97,
    "throughput" : 3.7548108514033607,
    "receivedKBytesPerSec" : 3.491299399230264,
    "sentKBytesPerSec" : 2.3540903970712477
  },
  "Delete a product -DELETE" : {
    "transaction" : "Delete a product -DELETE",
    "sampleCount" : 1000,
    "errorCount" : 0,
    "errorPct" : 0.0,
    "meanResTime" : 1265.2479999999996,
    "medianResTime" : 1267.0,
    "minResTime" : 481.0,
    "maxResTime" : 2196.0,
    "pct1ResTime" : 1648.9,
    "pct2ResTime" : 1741.85,
    "pct3ResTime" : 1922.88,
    "throughput" : 3.708277245639993,
    "receivedKBytesPerSec" : 3.904424832293162,
    "sentKBytesPerSec" : 0.7785933670044908
  },
  "Limit results -GET" : {
    "transaction" : "Limit results -GET",
    "sampleCount" : 1000,
    "errorCount" : 0,
    "errorPct" : 0.0,
    "meanResTime" : 1504.466999999998,
    "medianResTime" : 1600.0,
    "minResTime" : 579.0,
    "maxResTime" : 2382.0,
    "pct1ResTime" : 1710.9,
    "pct2ResTime" : 1742.9499999999998,
    "pct3ResTime" : 1985.8400000000001,
    "throughput" : 3.678039163761016,
    "receivedKBytesPerSec" : 4.93291141626576,
    "sentKBytesPerSec" : 0.4741222359535684
  },
  "Get a single product - GET" : {
    "transaction" : "Get a single product - GET",
    "sampleCount" : 1000,
    "errorCount" : 0,
    "errorPct" : 0.0,
    "meanResTime" : 336.7699999999997,
    "medianResTime" : 324.0,
    "minResTime" : 308.0,
    "maxResTime" : 1106.0,
    "pct1ResTime" : 342.9,
    "pct2ResTime" : 365.94999999999993,
    "pct3ResTime" : 583.99,
    "throughput" : 3.741338800676434,
    "receivedKBytesPerSec" : 3.939739366647461,
    "sentKBytesPerSec" : 0.47132100125708987
  },
  "Add a new user - POST" : {
    "transaction" : "Add a new user - POST",
    "sampleCount" : 1000,
    "errorCount" : 0,
    "errorPct" : 0.0,
    "meanResTime" : 1669.0209999999995,
    "medianResTime" : 1692.0,
    "minResTime" : 484.0,
    "maxResTime" : 2315.0,
    "pct1ResTime" : 2001.8,
    "pct2ResTime" : 2085.85,
    "pct3ResTime" : 2145.98,
    "throughput" : 3.7364041593651103,
    "receivedKBytesPerSec" : 2.489156692413605,
    "sentKBytesPerSec" : 2.331603767416314
  },
  "Get a single user -GET" : {
    "transaction" : "Get a single user -GET",
    "sampleCount" : 1000,
    "errorCount" : 0,
    "errorPct" : 0.0,
    "meanResTime" : 1564.0339999999992,
    "medianResTime" : 1582.5,
    "minResTime" : 907.0,
    "maxResTime" : 2415.0,
    "pct1ResTime" : 1768.0,
    "pct2ResTime" : 1797.9499999999998,
    "pct3ResTime" : 1965.3200000000006,
    "throughput" : 3.7025380898605995,
    "receivedKBytesPerSec" : 3.4908570450043506,
    "sentKBytesPerSec" : 0.455585741525816
  },
  "Update a users - PUT" : {
    "transaction" : "Update a users - PUT",
    "sampleCount" : 1000,
    "errorCount" : 0,
    "errorPct" : 0.0,
    "meanResTime" : 335.1140000000001,
    "medianResTime" : 324.0,
    "minResTime" : 309.0,
    "maxResTime" : 1396.0,
    "pct1ResTime" : 338.9,
    "pct2ResTime" : 349.94999999999993,
    "pct3ResTime" : 839.9300000000001,
    "throughput" : 3.7550223423829374,
    "receivedKBytesPerSec" : 3.4925301457887423,
    "sentKBytesPerSec" : 2.3468889639893358
  },
  "Get user carts - GET" : {
    "transaction" : "Get user carts - GET",
    "sampleCount" : 1000,
    "errorCount" : 0,
    "errorPct" : 0.0,
    "meanResTime" : 1493.7279999999985,
    "medianResTime" : 1530.5,
    "minResTime" : 893.0,
    "maxResTime" : 2484.0,
    "pct1ResTime" : 1707.9,
    "pct2ResTime" : 1747.0,
    "pct3ResTime" : 1861.99,
    "throughput" : 3.693225885081583,
    "receivedKBytesPerSec" : 2.922250554907189,