{
  "Update a product -PUT" : {
    "transaction" : "Update a product -PUT",
    "sampleCount" : 1000,
    "errorCount" : 0,
    "errorPct" : 0.0,
    "meanResTime" : 331.0149999999995,
    "medianResTime" : 324.0,
    "minResTime" : 308.0,
    "maxResTime" : 1132.0,
    "pct1ResTime" : 345.0,
    "pct2ResTime" : 358.0,
    "pct3ResTime" : 406.93000000000006,
    "throughput" : 3.722079749280708,
    "receivedKBytesPerSec" : 2.9379785780352634,
    "sentKBytesPerSec" : 1.2976391313410283
  },
  "Add a new cart - POST" : {
    "transaction" : "Add a new cart - POST",
    "sampleCount" : 1000,
    "errorCount" : 0,
    "errorPct" : 0.0,
    "meanResTime" : 332.80800000000005,
    "medianResTime" : 325.0,
    "minResTime" : 310.0,
    "maxResTime" : 942.0,
    "pct1ResTime" : 342.0,
    "pct2ResTime" : 351.94999999999993,
    "pct3ResTime" : 531.9000000000001,
    "throughput" : 3.691835137410104,
    "receivedKBytesPerSec" : 2.8375069914127917,
    "sentKBytesPerSec" : 1.5250451788324941
  },
  "Get all carts - GET" : {
    "transaction" : "Get all carts - GET",
    "sampleCount" : 1000,
    "errorCount" : 0,
    "errorPct" : 0.0,
    "meanResTime" : 1407.2519999999995,
    "medianResTime" : 1450.5,
    "minResTime" : 495.0,
    "maxResTime" : 2408.0,
    "pct1ResTime" : 1675.9,
    "pct2ResTime" : 1718.0,
    "pct3ResTime" : 1915.93,
    "throughput" : 3.68911121932504,
    "receivedKBytesPerSec" : 5.811971361890744,
    "sentKBytesPerSec" : 0.4467283117151416
  },
  "Get all products - GET" : {
    "transaction" : "Get all products - GET",
    "sampleCount" : 1000,
    "errorCount" : 0,
    "errorPct" : 0.0,
    "meanResTime" : 577.2819999999998,
    "medianResTime" : 337.0,
    "minResTime" : 314.0,
    "maxResTime" : 4794.0,
    "pct1ResTime" : 1027.7999999999997,
    "pct2ResTime" : 1899.8999999999985,
    "pct3ResTime" : 3203.9300000000003,
    "throughput" : 3.7160630541579027,
    "receivedKBytesPerSec" : 41.00806223104994,
    "sentKBytesPerSec" : 0.46087891394341185
  },
  "Get all categories - GET" : {
    "transaction" : "Get all categories - GET",
    "sampleCount" : 1000,
    "errorCount" : 0,
    "errorPct" : 0.0,
    "meanResTime" : 334.6810000000001,
    "medianResTime" : 325.0,
    "minResTime" : 310.0,
    "maxResTime" : 1361.0,
    "pct1ResTime" : 349.9,
    "pct2ResTime" : 363.94999999999993,
    "pct3ResTime" : 521.8800000000001,
    "throughput" : 3.7331820150223245,
    "receivedKBytesPerSec" : 2.6880441696096584,
    "sentKBytesPerSec" : 0.5031046074932429
  },
  "User login - POST" : {
    "transaction" : "User login - POST",
    "sampleCount" : 1000,
    "errorCount" : 0,
    "errorPct" : 0.0,
    "meanResTime" : 1425.8410000000003,
    "medianResTime" : 1459.5,
    "minResTime" : 480.0,
    "maxResTime" : 2440.0,
    "pct1ResTime" : 1765.9,
    "pct2ResTime" : 1904.9499999999998,
    "pct3ResTime" : 2286.7400000000002,
    "throughput" : 3.760529482551143,
    "receivedKBytesPerSec" : 3.0424813501240973,
    "sentKBytesPerSec" : 0.9327875864921781
  },
  "Delete a user - DELETE" : {
    "transaction" : "Delete a user - DELETE",
    "sampleCount" : 1000,
    "errorCount" : 0,
    "errorPct" : 0.0,
    "meanResTime" : 1555.2430000000018,
    "medianResTime" : 1587.0,
    "minResTime" : 485.0,
    "maxResTime" : 3490.0,
    "pct1ResTime" : 1896.6999999999998,
    "pct2ResTime" : 2102.95,
    "pct3ResTime" : 2303.96,
    "throughput" : 3.7389187794673533,
    "receivedKBytesPerSec" : 3.5679727839428397,
    "sentKBytesPerSec" : 0.7740730285616005
  },
  "Get all users - GET" : {
    "transaction" : "Get all users - GET",
    "sampleCount" : 1000,
    "errorCount" : 0,
    "errorPct" : 0.0,
    "meanResTime" : 1567.225000000001,
    "medianResTime" : 1568.0,
    "minResTime" : 1033.0,
    "maxResTime" : 3006.0,
    "pct1ResTime" : 1759.9,
    "pct2ResTime" : 1820.8999999999999,
    "pct3ResTime" : 2376.7700000000004,
    "throughput" : 3.685698384558398,
    "receivedKBytesPerSec" : 13.20322981204781,
    "sentKBytesPerSec" : 0.44631503875511847
  },
  "Update a users - PATCH" : {
    "transaction" : "Update a users - PATCH",
    "sampleCount" : 1000,
    "errorCount" : 0,
    "errorPct" : 0.0,
    "meanResTime" : 330.8010000000003,
    "medianResTime" : 323.0,
    "minResTime" : 309.0,
    "maxResTime" : 1128.0,
    "pct1ResTime" : 338.0,
    "pct2ResTime" : 348.0,
    "pct3ResTime" : 538.7100000000003,
    "throughput" : 3.741030878468871,
    "receivedKBytesPerSec" : 3.4798455468638942,
    "sentKBytesPerSec" : 2.345450999977554
  },
  "Delete a product -DELETE" : {
    "transaction" : "Delete a product -DELETE",
    "sampleCount" : 1000,
    "errorCount" : 0,
    "errorPct" : 0.0,
    "meanResTime" : 1289.0670000000002,
    "medianResTime" : 1325.0,
    "minResTime" : 485.0,
    "maxResTime" : 2431.0,
    "pct1ResTime" : 1629.9,
    "pct2ResTime" : 1697.0,
    "pct3ResTime" : 1974.3600000000006,
    "throughput" : 3.7043073686082177,
    "receivedKBytesPerSec" : 3.8991307842759557,
    "sentKBytesPerSec" : 0.7777598479011394
  },
  "Limit results -GET" : {
    "transaction" : "Limit results -GET",
    "sampleCount" : 1000,
    "errorCount" : 0,
    "errorPct" : 0.0,
    "meanResTime" : 1505.549,
    "medianResTime" : 1578.0,
    "minResTime" : 624.0,
    "maxResTime" : 2309.0,
    "pct1ResTime" : 1696.9,
    "pct2ResTime" : 1736.0,
    "pct3ResTime" : 2055.99,
    "throughput" : 3.667315781560003,
    "receivedKBytesPerSec" : 4.91879445474349,
    "sentKBytesPerSec" : 0.4727399249667192
  },
  "Get a single product - GET" : {
    "transaction" : "Get a single product - GET",
    "sampleCount" : 1000,
    "errorCount" : 0,
    "errorPct" : 0.0,
    "meanResTime" : 338.27000000000044,
    "medianResTime" : 325.0,
    "minResTime" : 307.0,
    "maxResTime" : 894.0,
    "pct1ResTime" : 352.0,
    "pct2ResTime" : 370.94999999999993,
    "pct3ResTime" : 717.1500000000008,
    "throughput" : 3.732192775221226,
    "receivedKBytesPerSec" : 3.929700125308372,
    "sentKBytesPerSec" : 0.47016881640970515
  },
  "Add a new user - POST" : {
    "transaction" : "Add a new user - POST",
    "sampleCount" : 1000,
    "errorCount" : 0,
    "errorPct" : 0.0,
    "meanResTime" : 1663.3039999999987,
    "medianResTime" : 1654.5,
    "minResTime" : 621.0,
    "maxResTime" : 2912.0,
    "pct1ResTime" : 2001.8,
    "pct2ResTime" : 2139.95,
    "pct3ResTime" : 2350.5600000000004,
    "throughput" : 3.721124077161229,
    "receivedKBytesPerSec" : 2.4786647316046233,
    "sentKBytesPerSec" : 2.3220686379941653
  },
  "Get a single user -GET" : {
    "transaction" : "Get a single user -GET",
    "sampleCount" : 1000,
    "errorCount" : 0,
    "errorPct" : 0.0,
    "meanResTime" : 1590.3480000000018,
    "medianResTime" : 1593.0,
    "minResTime" : 1008.0,
    "maxResTime" : 2574.0,
    "pct1ResTime" : 1770.0,
    "pct2ResTime" : 1820.9499999999998,
    "pct3ResTime" : 2351.99,
    "throughput" : 3.689342596042811,
    "receivedKBytesPerSec" : 3.477039664583418,
    "sentKBytesPerSec" : 0.4539620772474553
  },
  "Update a users - PUT" : {
    "transaction" : "Update a users - PUT",
    "sampleCount" : 1000,
    "errorCount" : 0,
    "errorPct" : 0.0,
    "meanResTime" : 331.33200000000005,
    "medianResTime" : 324.0,
    "minResTime" : 309.0,
    "maxResTime" : 1390.0,
    "pct1ResTime" : 337.0,
    "pct2ResTime" : 344.0,
    "pct3ResTime" : 616.2200000000007,
    "throughput" : 3.7409609032176,
    "receivedKBytesPerSec" : 3.4784214360800716,
    "sentKBytesPerSec" : 2.3381005645110005
  },
  "Get user carts - GET" : {
    "transaction" : "Get user carts - GET",
    "sampleCount" : 1000,
    "errorCount" : 0,
    "errorPct" : 0.0,
    "meanResTime" : 1515.5640000000008,
    "medianResTime" : 1559.0,
    "minResTime" : 879.0,
    "maxResTime" : 2160.0,
    "pct1ResTime" : 1687.0,
    "pct2ResTime" : 1741.8999999999999,
    "pct3ResTime" : 2026.8000000000002,
    "throughput" : 3.673755790757565,
    "receivedKBytesPerSec" : 2.9069668990011057,