{
  "Update a product -PUT" : {
    "transaction" : "Update a product -PUT",
    "sampleCount" : 100,
    "errorCount" : 0,
    "errorPct" : 0.0,
    "meanResTime" : 329.99,
    "medianResTime" : 327.0,
    "minResTime" : 312.0,
    "maxResTime" : 549.0,
    "pct1ResTime" : 341.9,
    "pct2ResTime" : 346.0,
    "pct3ResTime" : 546.989999999999,
    "throughput" : 0.8321267495464909,
    "receivedKBytesPerSec" : 0.657217607385957,
    "sentKBytesPerSec" : 0.2901066890508762
  },
  "Add a new cart - POST" : {
    "transaction" : "Add a new cart - POST",
    "sampleCount" : 100,
    "errorCount" : 0,
    "errorPct" : 0.0,
    "meanResTime" : 338.10000000000014,
    "medianResTime" : 328.0,
    "minResTime" : 311.0,
    "maxResTime" : 876.0,
    "pct1ResTime" : 357.70000000000005,
    "pct2ResTime" : 367.9,
    "pct3ResTime" : 872.7799999999984,
    "throughput" : 0.8313588560502141,
    "receivedKBytesPerSec" : 0.6388797959014009,
    "sentKBytesPerSec" : 0.34342265245043024
  },
  "Get all carts - GET" : {
    "transaction" : "Get all carts - GET",
    "sampleCount" : 100,
    "errorCount" : 0,
    "errorPct" : 0.0,
    "meanResTime" : 504.84999999999997,
    "medianResTime" : 495.5,
    "minResTime" : 479.0,
    "maxResTime" : 1114.0,
    "pct1ResTime" : 519.0,
    "pct2ResTime" : 527.8499999999999,
    "pct3ResTime" : 1108.5399999999972,
    "throughput" : 0.8307924929590337,
    "receivedKBytesPerSec" : 1.308498176410478,
    "sentKBytesPerSec" : 0.10060377844425797
  },
  "Get all products - GET" : {
    "transaction" : "Get all products - GET",
    "sampleCount" : 100,
    "errorCount" : 0,
    "errorPct" : 0.0,
    "meanResTime" : 580.7299999999999,
    "medianResTime" : 389.0,
    "minResTime" : 318.0,
    "maxResTime" : 2321.0,
    "pct1ResTime" : 966.0000000000002,
    "pct2ResTime" : 1308.2999999999997,
    "pct3ResTime" : 2320.79,
    "throughput" : 0.8319259918637638,
    "receivedKBytesPerSec" : 9.180287071662105,
    "sentKBytesPerSec" : 0.10317832125654101
  },
  "Get all categories - GET" : {
    "transaction" : "Get all categories - GET",
    "sampleCount" : 100,
    "errorCount" : 0,
    "errorPct" : 0.0,
    "meanResTime" : 339.24999999999994,
    "medianResTime" : 328.0,
    "minResTime" : 314.0,
    "maxResTime" : 1383.0,
    "pct1ResTime" : 342.8,
    "pct2ResTime" : 348.84999999999997,
    "pct3ResTime" : 1373.0099999999948,
    "throughput" : 0.8336668000533547,
    "receivedKBytesPerSec" : 0.5998004670618248,
    "sentKBytesPerSec" : 0.11234962735094038
  },
  "User login - POST" : {
    "transaction" : "User login - POST",
    "sampleCount" : 100,
    "errorCount" : 0,
    "errorPct" : 0.0,
    "meanResTime" : 545.2200000000004,
    "medianResTime" : 492.0,
    "minResTime" : 474.0,
    "maxResTime" : 1586.0,
    "pct1ResTime" : 542.6000000000001,
    "pct2ResTime" : 1212.6999999999944,
    "pct3ResTime" : 1585.79,
    "throughput" : 0.8268152729317215,
    "receivedKBytesPerSec" : 0.6692359090007111,
    "sentKBytesPerSec" : 0.20508894465298563
  },
  "Delete a user - DELETE" : {
    "transaction" : "Delete a user - DELETE",
    "sampleCount" : 100,
    "errorCount" : 0,
    "errorPct" : 0.0,
    "meanResTime" : 520.3899999999999,
    "medianResTime" : 493.0,
    "minResTime" : 478.0,
    "maxResTime" : 1517.0,
    "pct1ResTime" : 515.0,
    "pct2ResTime" : 703.3499999999999,
    "pct3ResTime" : 1511.099999999997,
    "throughput" : 0.8284592315212168,
    "receivedKBytesPerSec" : 0.7906445982386957,
    "sentKBytesPerSec" : 0.1715169502758769
  },
  "Get all users - GET" : {
    "transaction" : "Get all users - GET",
    "sampleCount" : 100,
    "errorCount" : 0,
    "errorPct" : 0.0,
    "meanResTime" : 551.9,
    "medianResTime" : 497.0,
    "minResTime" : 477.0,
    "maxResTime" : 1609.0,
    "pct1ResTime" : 661.9,
    "pct2ResTime" : 894.95,
    "pct3ResTime" : 1606.0699999999986,
    "throughput" : 0.8297791128001726,
    "receivedKBytesPerSec" : 2.9721326464145243,
    "sentKBytesPerSec" : 0.1004810644406459
  },
  "Update a users - PATCH" : {
    "transaction" : "Update a users - PATCH",
    "sampleCount" : 100,
    "errorCount" : 0,
    "errorPct" : 0.0,
    "meanResTime" : 337.6100000000002,
    "medianResTime" : 328.5,
    "minResTime" : 314.0,
    "maxResTime" : 567.0,
    "pct1ResTime" : 354.5,
    "pct2ResTime" : 366.79999999999995,
    "pct3ResTime" : 566.7499999999999,
    "throughput" : 0.8296414289743972,
    "receivedKBytesPerSec" : 0.7713558778021139,
    "sentKBytesPerSec" : 0.5201462865249639
  },
  "Delete a product -DELETE" : {
    "transaction" : "Delete a product -DELETE",
    "sampleCount" : 100,
    "errorCount" : 0,
    "errorPct" : 0.0,
    "meanResTime" : 519.9100000000001,
    "medianResTime" : 494.0,
    "minResTime" : 478.0,
    "maxResTime" : 1060.0,
    "pct1ResTime" : 527.8,
    "pct2ResTime" : 724.949999999998,
    "pct3ResTime" : 1059.9099999999999,
    "throughput" : 0.8304199433653598,
    "receivedKBytesPerSec" : 0.8739034564154092,
    "sentKBytesPerSec" : 0.17435574982768784
  },
  "Limit results -GET" : {
    "transaction" : "Limit results -GET",
    "sampleCount" : 100,
    "errorCount" : 0,
    "errorPct" : 0.0,
    "meanResTime" : 525.8799999999998,
    "medianResTime" : 496.0,
    "minResTime" : 477.0,
    "maxResTime" : 1576.0,
    "pct1ResTime" : 526.3000000000001,
    "pct2ResTime" : 703.2999999999998,
    "pct3ResTime" : 1570.3599999999972,
    "throughput" : 0.8309029422273184,
    "receivedKBytesPerSec" : 1.114026628362041,
    "sentKBytesPerSec" : 0.10710858239649027
  },
  "Get a single product - GET" : {
    "transaction" : "Get a single product - GET",
    "sampleCount" : 100,
    "errorCount" : 0,
    "errorPct" : 0.0,
    "meanResTime" : 337.5800000000001,
    "medianResTime" : 326.0,
    "minResTime" : 312.0,
    "maxResTime" : 850.0,
    "pct1ResTime" : 340.0,
    "pct2ResTime" : 367.84999999999997,
    "pct3ResTime" : 847.0999999999985,
    "throughput" : 0.8387361923054342,
    "receivedKBytesPerSec" : 0.8833104340879163,
    "sentKBytesPerSec" : 0.10566110235097755
  },
  "Add a new user - POST" : {
    "transaction" : "Add a new user - POST",
    "sampleCount" : 100,
    "errorCount" : 0,
    "errorPct" : 0.0,
    "meanResTime" : 506.5,
    "medianResTime" : 491.0,
    "minResTime" : 473.0,
    "maxResTime" : 1520.0,
    "pct1ResTime" : 521.2,
    "pct2ResTime" : 545.95,
    "pct3ResTime" : 1510.8499999999954,
    "throughput" : 0.8291323958609711,
    "receivedKBytesPerSec" : 0.5520936758962921,
    "sentKBytesPerSec" : 0.5173980478077739
  },
  "Get a single user -GET" : {
    "transaction" : "Get a single user -GET",
    "sampleCount" : 100,
    "errorCount" : 0,
    "errorPct" : 0.0,
    "meanResTime" : 525.0299999999999,
    "medianResTime" : 492.0,
    "minResTime" : 474.0,
    "maxResTime" : 1009.0,
    "pct1ResTime" : 592.7000000000003,
    "pct2ResTime" : 842.8499999999999,
    "pct3ResTime" : 1007.7299999999993,
    "throughput" : 0.8301717625376691,
    "receivedKBytesPerSec" : 0.7820801717625377,
    "sentKBytesPerSec" : 0.10215004109350224
  },
  "Update a users - PUT" : {
    "transaction" : "Update a users - PUT",
    "sampleCount" : 100,
    "errorCount" : 0,
    "errorPct" : 0.0,
    "meanResTime" : 331.5399999999999,
    "medianResTime" : 327.0,
    "minResTime" : 315.0,
    "maxResTime" : 407.0,
    "pct1ResTime" : 350.9,
    "pct2ResTime" : 364.79999999999995,
    "pct3ResTime" : 406.95,
    "throughput" : 0.8299650584710383,
    "receivedKBytesPerSec" : 0.7717216120826313,
    "sentKBytesPerSec" : 0.518728161544399
  },
  "Get user carts - GET" : {
    "transaction" : "Get user carts - GET",
    "sampleCount" : 100,
    "errorCount" : 0,
    "errorPct" : 0.0,
    "meanResTime" : 535.32,
    "medianResTime" : 492.0,
    "minResTime" : 479.0,
    "maxResTime" : 1042.0,
    "pct1ResTime" : 689.1000000000007,
    "pct2ResTime" : 892.5999999999999,
    "pct3ResTime" : 1041.6599999999999,
    "throughput" : 0.8302751531857657,